[
  {
    "id": 1,
    "name": "Adela Hendricks",
    "picture": "https://picsum.photos/200",
    "position": "Go разработчик",
    "gender": "female",
    "age": 40,
    "skills": "go, python"
  },
  {
    "id": 2,
    "name": "Sheri Torres",
    "picture": "https://picsum.photos/200",
    "position": "Delphi developer",
    "gender": "female",
    "age": 26,
    "skills": "Delphi, pascal, fortran, basic"
  },
  {
    "id": 3,
    "name": "Burt Stein",
    "picture": "https://picsum.photos/200",
    "position": "Team lead",
    "gender": "male",
    "age": 33,
    "skills": "делегирование, пользоваться календарем, обсуждать важные вопросы"
  },
  {
    "id": 4,
    "name": "Bauer Adkins",
    "picture": "https://picsum.photos/200",
    "position": "CTO",
    "gender": "male",
    "age": 37,
    "skills": "very important face"
  },
  {
    "id": 5,
    "name": "Day Holloway",
    "picture": "https://picsum.photos/200",
    "position": "HR manager",
    "gender": "male",
    "age": 35,
    "skills": "LinkedIn, telegram, spam, spam, spam"
  },
  {
    "id": 6,
    "name": "Austin Cochran",
    "picture": "https://picsum.photos/200",
    "position": "python-develop",
    "gender": "male",
    "age": 26,
    "skills": "python, html"
  },
  {
    "id": 7,
    "name": "Sheree Love",
    "picture": "https://picsum.photos/200",
    "position": "Django developer",
    "gender": "female",
    "age": 33,
    "skills": "Python, Django, flask"
  }
]